id,timestamp,open,high,low,close,volume,adjclose,date,symbol,currency,created_at
1,1704205800,102.25,102.62000274658203,100.58999633789062,101.52999877929688,9020900,99.7242202758789,2024-01-02 10:30:00 UTC,TSM,USD,2025-05-11 20:04:00
2,1704292200,100.33999633789062,101.25,99.66000366210938,100.16999816894531,6650600,98.38841247558594,2024-01-03 10:30:00 UTC,TSM,USD,2025-05-11 20:04:00
3,1704378600,99.52999877929688,100.44000244140625,99.12000274658203,99.12999725341797,7996700,97.36690521240234,2024-01-04 10:30:00 UTC,TSM,USD,2025-05-11 20:04:00
4,1704465000,99.0,100.63999938964844,98.80000305175781,99.61000061035156,7344900,97.83836364746094,2024-01-05 10:30:00 UTC,TSM,USD,2025-05-11 20:04:00
5,1704724200,100.62999725341797,102.79000091552734,100.5,102.23999786376953,12455600,100.42158508300781,2024-01-08 10:30:00 UTC,TSM,USD,2025-05-11 20:04:00
6,1704810600,101.05000305175781,101.97000122070312,100.20999908447266,101.88999938964844,7764000,100.07781219482422,2024-01-09 10:30:00 UTC,TSM,USD,2025-05-11 20:04:00
7,1704897000,102.5199966430664,102.77999877929688,99.9800033569336,100.80000305175781,6975700,99.00720977783203,2024-01-10 10:30:00 UTC,TSM,USD,2025-05-11 20:04:00
8,1704983400,101.69999694824219,102.16000366210938,99.98999786376953,101.22000122070312,7862700,99.41973114013672,2024-01-11 10:30:00 UTC,TSM,USD,2025-05-11 20:04:00
9,1705069800,100.88999938964844,102.37999725341797,100.87000274658203,101.23999786376953,6514000,99.43937683105469,2024-01-12 10:30:00 UTC,TSM,USD,2025-05-11 20:04:00
10,1705415400,100.52999877929688,102.3499984741211,100.19999694824219,101.66999816894531,11185500,99.86172485351562,2024-01-16 10:30:00 UTC,TSM,USD,2025-05-11 20:04:00
11,1705501800,100.87000274658203,103.33000183105469,100.0,102.94999694824219,17649500,101.11896514892578,2024-01-17 10:30:00 UTC,TSM,USD,2025-05-11 20:04:00
12,1705588200,111.19999694824219,113.38999938964844,109.4800033569336,113.02999877929688,58783700,111.01969146728516,2024-01-18 10:30:00 UTC,TSM,USD,2025-05-11 20:04:00
13,1705674600,113.22000122070312,115.1500015258789,111.0199966430664,114.19999694824219,37737300,112.16887664794922,2024-01-19 10:30:00 UTC,TSM,USD,2025-05-11 20:04:00
14,1705933800,114.77999877929688,115.0999984741211,112.5199966430664,113.02999877929688,17755500,111.01969146728516,2024-01-22 10:30:00 UTC,TSM,USD,2025-05-11 20:04:00
15,1706020200,113.5199966430664,114.62000274658203,113.16000366210938,114.12999725341797,11667900,112.1001205444336,2024-01-23 10:30:00 UTC,TSM,USD,2025-05-11 20:04:00
16,1706106600,115.33000183105469,118.8499984741211,114.61000061035156,116.5199966430664,21859200,114.44761657714844,2024-01-24 10:30:00 UTC,TSM,USD,2025-05-11 20:04:00
17,1706193000,118.0199966430664,118.83999633789062,116.4800033569336,116.55999755859375,15485300,114.48690795898438,2024-01-25 10:30:00 UTC,TSM,USD,2025-05-11 20:04:00
18,1706279400,116.9000015258789,118.04000091552734,116.30000305175781,117.26000213623047,10196400,115.17445373535156,2024-01-26 10:30:00 UTC,TSM,USD,2025-05-11 20:04:00
19,1706538600,117.16999816894531,117.87000274658203,115.76000213623047,116.9800033569336,10042200,114.8994369506836,2024-01-29 10:30:00 UTC,TSM,USD,2025-05-11 20:04:00
20,1706625000,116.36000061035156,118.01000213623047,115.55999755859375,116.05999755859375,11030800,113.99578857421875,2024-01-30 10:30:00 UTC,TSM,USD,2025-05-11 20:04:00
21,1706711400,113.5,114.73999786376953,112.87999725341797,112.95999908447266,12853900,110.95093536376953,2024-01-31 10:30:00 UTC,TSM,USD,2025-05-11 20:04:00
22,1706797800,113.80000305175781,114.02999877929688,112.61000061035156,113.38999938964844,8807600,111.37328338623047,2024-02-01 10:30:00 UTC,TSM,USD,2025-05-11 20:04:00
23,1706884200,114.86000061035156,115.95999908447266,113.91999816894531,115.75,10042200,113.6913070678711,2024-02-02 10:30:00 UTC,TSM,USD,2025-05-11 20:04:00
24,1707143400,117.12999725341797,119.54000091552734,116.58000183105469,118.79000091552734,13267600,116.67723846435547,2024-02-05 10:30:00 UTC,TSM,USD,2025-05-11 20:04:00
25,1707229800,120.12000274658203,120.98999786376953,118.27999877929688,119.37999725341797,11503800,117.25674438476562,2024-02-06 10:30:00 UTC,TSM,USD,2025-05-11 20:04:00
26,1707316200,120.01000213623047,125.0,120.0,124.9800033569336,18172500,122.75714874267578,2024-02-07 10:30:00 UTC,TSM,USD,2025-05-11 20:04:00
27,1707402600,127.0,134.75,126.11000061035156,133.72999572753906,33367000,131.35153198242188,2024-02-08 10:30:00 UTC,TSM,USD,2025-05-11 20:04:00
28,1707489000,134.5,135.1699981689453,130.58999633789062,133.11000061035156,16984200,130.74256896972656,2024-02-09 10:30:00 UTC,TSM,USD,2025-05-11 20:04:00
29,1707748200,133.27000427246094,133.50999450683594,130.25999450683594,130.4600067138672,14203800,128.1396942138672,2024-02-12 10:30:00 UTC,TSM,USD,2025-05-11 20:04:00
30,1707834600,127.93000030517578,129.9199981689453,126.4800033569336,127.55000305175781,14494000,125.28143310546875,2024-02-13 10:30:00 UTC,TSM,USD,2025-05-11 20:04:00
31,1707921000,129.6300048828125,130.7899932861328,127.95999908447266,129.27000427246094,13069700,126.97085571289062,2024-02-14 10:30:00 UTC,TSM,USD,2025-05-11 20:04:00
32,1708007400,130.8000030517578,131.1300048828125,128.35000610351562,129.02999877929688,12554000,126.73512268066406,2024-02-15 10:30:00 UTC,TSM,USD,2025-05-11 20:04:00
33,1708093800,127.12999725341797,128.63999938964844,125.80999755859375,126.69000244140625,13091700,124.43673706054688,2024-02-16 10:30:00 UTC,TSM,USD,2025-05-11 20:04:00
34,1708439400,126.88999938964844,127.05999755859375,124.1500015258789,125.33000183105469,12038800,123.10092163085938,2024-02-20 10:30:00 UTC,TSM,USD,2025-05-11 20:04:00
35,1708525800,124.43000030517578,125.37999725341797,122.91000366210938,125.33999633789062,11578100,123.1107406616211,2024-02-21 10:30:00 UTC,TSM,USD,2025-05-11 20:04:00
36,1708612200,129.69000244140625,131.47999572753906,129.0,129.07000732421875,17014100,126.77439880371094,2024-02-22 10:30:00 UTC,TSM,USD,2025-05-11 20:04:00
37,1708698600,130.5,131.00999450683594,127.7300033569336,129.52999877929688,10123300,127.22623443603516,2024-02-23 10:30:00 UTC,TSM,USD,2025-05-11 20:04:00
38,1708957800,130.02000427246094,131.22999572753906,128.55999755859375,130.63999938964844,9526700,128.3164825439453,2024-02-26 10:30:00 UTC,TSM,USD,2025-05-11 20:04:00
39,1709044200,130.77000427246094,131.97000122070312,128.58999633789062,128.58999633789062,8851800,126.30293273925781,2024-02-27 10:30:00 UTC,TSM,USD,2025-05-11 20:04:00
40,1709130600,128.5,128.5800018310547,126.6500015258789,127.37999725341797,6519100,125.11445617675781,2024-02-28 10:30:00 UTC,TSM,USD,2025-05-11 20:04:00
41,1709217000,128.02999877929688,129.19000244140625,127.1500015258789,128.6699981689453,9369900,126.38152313232422,2024-02-29 10:30:00 UTC,TSM,USD,2025-05-11 20:04:00
42,1709303400,130.1300048828125,136.64999389648438,130.10000610351562,133.89999389648438,24361700,131.51849365234375,2024-03-01 10:30:00 UTC,TSM,USD,2025-05-11 20:04:00
43,1709562600,139.94000244140625,141.99000549316406,137.67999267578125,138.25999450683594,26544600,135.80093383789062,2024-03-04 10:30:00 UTC,TSM,USD,2025-05-11 20:04:00
44,1709649000,137.1199951171875,137.42999267578125,133.72999572753906,134.97000122070312,13694700,132.5694580078125,2024-03-05 10:30:00 UTC,TSM,USD,2025-05-11 20:04:00
45,1709735400,138.8000030517578,144.0,138.61000061035156,141.57000732421875,22292700,139.05209350585938,2024-03-06 10:30:00 UTC,TSM,USD,2025-05-11 20:04:00
46,1709821800,144.89999389648438,151.60000610351562,144.14999389648438,149.1999969482422,34675700,146.54637145996094,2024-03-07 10:30:00 UTC,TSM,USD,2025-05-11 20:04:00
47,1709908200,153.89999389648438,158.39999389648438,144.92999267578125,146.3699951171875,43771100,143.76670837402344,2024-03-08 10:30:00 UTC,TSM,USD,2025-05-11 20:04:00
48,1710163800,143.6199951171875,144.39999389648438,138.92999267578125,139.02000427246094,29227100,136.54745483398438,2024-03-11 09:30:00 UTC,TSM,USD,2025-05-11 20:04:00
49,1710250200,144.52000427246094,146.6999969482422,140.57000732421875,144.39999389648438,21218500,141.8317413330078,2024-03-12 09:30:00 UTC,TSM,USD,2025-05-11 20:04:00
50,1710336600,143.0500030517578,143.22999572753906,141.3699951171875,142.13999938964844,12923100,139.6119384765625,2024-03-13 09:30:00 UTC,TSM,USD,2025-05-11 20:04:00
51,1710423000,142.61000061035156,143.10000610351562,139.02000427246094,139.6199951171875,14961900,137.13674926757812,2024-03-14 09:30:00 UTC,TSM,USD,2025-05-11 20:04:00
52,1710509400,135.44000244140625,137.6999969482422,134.6300048828125,136.97999572753906,22733000,134.543701171875,2024-03-15 09:30:00 UTC,TSM,USD,2025-05-11 20:04:00
53,1710768600,140.17999267578125,141.5399932861328,136.61000061035156,136.63999938964844,14732900,134.7547607421875,2024-03-18 09:30:00 UTC,TSM,USD,2025-05-11 20:04:00
54,1710855000,135.3000030517578,136.27000427246094,133.02999877929688,134.8699951171875,17341100,133.00918579101562,2024-03-19 09:30:00 UTC,TSM,USD,2025-05-11 20:04:00
55,1710941400,136.52999877929688,137.30999755859375,135.00999450683594,136.75,12750200,134.86326599121094,2024-03-20 09:30:00 UTC,TSM,USD,2025-05-11 20:04:00
56,1711027800,142.5500030517578,142.60000610351562,139.0399932861328,139.4499969482422,17809400,137.5260009765625,2024-03-21 09:30:00 UTC,TSM,USD,2025-05-11 20:04:00
57,1711114200,139.39999389648438,141.33999633789062,139.11000061035156,140.5399932861328,9935200,138.6009521484375,2024-03-22 09:30:00 UTC,TSM,USD,2025-05-11 20:04:00
58,1711373400,140.16000366210938,141.67999267578125,139.25999450683594,140.22999572753906,9922200,138.29522705078125,2024-03-25 09:30:00 UTC,TSM,USD,2025-05-11 20:04:00
59,1711459800,140.61000061035156,140.9600067138672,138.63999938964844,138.83999633789062,10786400,136.92440795898438,2024-03-26 09:30:00 UTC,TSM,USD,2025-05-11 20:04:00
60,1711546200,138.86000061035156,139.27999877929688,135.14999389648438,136.69000244140625,13842800,134.8040771484375,2024-03-27 09:30:00 UTC,TSM,USD,2025-05-11 20:04:00
61,1711632600,135.67999267578125,136.8000030517578,135.44000244140625,136.0500030517578,10019400,134.17291259765625,2024-03-28 09:30:00 UTC,TSM,USD,2025-05-11 20:04:00
62,1711978200,137.2899932861328,142.9600067138672,137.0500030517578,141.49000549316406,14222700,139.53787231445312,2024-04-01 09:30:00 UTC,TSM,USD,2025-05-11 20:04:00
63,1712064600,140.3800048828125,141.0399932861328,139.35000610351562,140.22000122070312,9869200,138.28536987304688,2024-04-02 09:30:00 UTC,TSM,USD,2025-05-11 20:04:00
64,1712151000,138.5800018310547,142.92999267578125,138.38999938964844,142.0,9707500,140.04083251953125,2024-04-03 09:30:00 UTC,TSM,USD,2025-05-11 20:04:00
65,1712237400,144.0,146.75,139.42999267578125,139.66000366210938,15759500,137.7331085205078,2024-04-04 09:30:00 UTC,TSM,USD,2025-05-11 20:04:00
66,1712323800,140.0,142.0,138.9199981689453,141.36000061035156,8249500,139.40963745117188,2024-04-05 09:30:00 UTC,TSM,USD,2025-05-11 20:04:00
67,1712583000,145.24000549316406,146.0,142.75999450683594,142.7899932861328,16307400,140.81991577148438,2024-04-08 09:30:00 UTC,TSM,USD,2025-05-11 20:04:00
68,1712669400,146.25999450683594,148.1699981689453,142.9499969482422,145.39999389648438,18488000,143.39390563964844,2024-04-09 09:30:00 UTC,TSM,USD,2025-05-11 20:04:00
69,1712755800,146.6300048828125,148.42999267578125,145.25999450683594,146.22000122070312,18861300,144.20260620117188,2024-04-10 09:30:00 UTC,TSM,USD,2025-05-11 20:04:00
70,1712842200,147.1999969482422,147.55999755859375,144.1300048828125,147.1999969482422,11818800,145.1690673828125,2024-04-11 09:30:00 UTC,TSM,USD,2025-05-11 20:04:00
71,1712928600,145.0,146.50999450683594,142.14999389648438,142.52000427246094,11981400,140.55364990234375,2024-04-12 09:30:00 UTC,TSM,USD,2025-05-11 20:04:00
72,1713187800,145.02000427246094,145.47999572753906,139.8800048828125,140.13999938964844,13458800,138.20648193359375,2024-04-15 09:30:00 UTC,TSM,USD,2025-05-11 20:04:00
73,1713274200,137.88999938964844,140.5399932861328,137.05999755859375,139.8000030517578,14218200,137.8711700439453,2024-04-16 09:30:00 UTC,TSM,USD,2025-05-11 20:04:00
74,1713360600,141.1300048828125,142.57000732421875,137.36000061035156,139.02999877929688,18823200,137.11178588867188,2024-04-17 09:30:00 UTC,TSM,USD,2025-05-11 20:04:00
75,1713447000,132.88999938964844,135.1300048828125,130.3000030517578,132.27000427246094,39306100,130.445068359375,2024-04-18 09:30:00 UTC,TSM,USD,2025-05-11 20:04:00
76,1713533400,129.3699951171875,131.5500030517578,126.63999938964844,127.69999694824219,28248000,125.93811798095703,2024-04-19 09:30:00 UTC,TSM,USD,2025-05-11 20:04:00
77,1713792600,126.75,130.66000366210938,125.77999877929688,129.75,18556800,127.9598388671875,2024-04-22 09:30:00 UTC,TSM,USD,2025-05-11 20:04:00
78,1713879000,131.36000061035156,133.7100067138672,130.66000366210938,133.42999267578125,12573800,131.5890655517578,2024-04-23 09:30:00 UTC,TSM,USD,2025-05-11 20:04:00
79,1713965400,136.08999633789062,136.2899932861328,131.5399932861328,132.97000122070312,15558000,131.1354217529297,2024-04-24 09:30:00 UTC,TSM,USD,2025-05-11 20:04:00
80,1714051800,130.0,137.83999633789062,128.86000061035156,136.5800018310547,18034300,134.69561767578125,2024-04-25 09:30:00 UTC,TSM,USD,2025-05-11 20:04:00
81,1714138200,136.80999755859375,138.74000549316406,135.9499969482422,138.3000030517578,9453400,136.39186096191406,2024-04-26 09:30:00 UTC,TSM,USD,2025-05-11 20:04:00
82,1714397400,138.0,138.64999389648438,135.91000366210938,138.5,9997100,136.589111328125,2024-04-29 09:30:00 UTC,TSM,USD,2025-05-11 20:04:00
83,1714483800,137.94000244140625,139.6999969482422,137.25999450683594,137.33999633789062,10980600,135.44509887695312,2024-04-30 09:30:00 UTC,TSM,USD,2025-05-11 20:04:00
84,1714570200,137.4199981689453,139.42999267578125,133.2100067138672,134.94000244140625,12561800,133.07823181152344,2024-05-01 09:30:00 UTC,TSM,USD,2025-05-11 20:04:00
85,1714656600,135.60000610351562,136.74000549316406,133.22000122070312,136.22999572753906,9261900,134.35043334960938,2024-05-02 09:30:00 UTC,TSM,USD,2025-05-11 20:04:00
86,1714743000,138.89999389648438,142.11000061035156,138.75999450683594,141.55999755859375,13264300,139.6068878173828,2024-05-03 09:30:00 UTC,TSM,USD,2025-05-11 20:04:00
87,1715002200,140.47000122070312,142.8300018310547,139.80999755859375,142.8300018310547,8601600,140.85939025878906,2024-05-06 09:30:00 UTC,TSM,USD,2025-05-11 20:04:00
88,1715088600,141.8699951171875,142.2899932861328,140.50999450683594,141.11000061035156,8682900,139.16310119628906,2024-05-07 09:30:00 UTC,TSM,USD,2025-05-11 20:04:00
89,1715175000,141.11000061035156,144.25999450683594,140.8000030517578,143.60000610351562,10202300,141.61874389648438,2024-05-08 09:30:00 UTC,TSM,USD,2025-05-11 20:04:00
90,1715261400,142.94000244140625,143.35000610351562,141.1300048828125,142.7899932861328,8012700,140.81991577148438,2024-05-09 09:30:00 UTC,TSM,USD,2025-05-11 20:04:00
91,1715347800,147.22000122070312,150.5,146.92999267578125,149.25999450683594,23671400,147.20065307617188,2024-05-10 09:30:00 UTC,TSM,USD,2025-05-11 20:04:00
92,1715607000,148.02000427246094,148.44000244140625,146.3000030517578,146.41000366210938,8278700,144.38998413085938,2024-05-13 09:30:00 UTC,TSM,USD,2025-05-11 20:04:00
93,1715693400,146.49000549316406,152.00999450683594,146.25,151.9499969482422,12316500,149.85354614257812,2024-05-14 09:30:00 UTC,TSM,USD,2025-05-11 20:04:00
94,1715779800,153.36000061035156,156.0,152.72999572753906,155.5800018310547,14027100,153.43345642089844,2024-05-15 09:30:00 UTC,TSM,USD,2025-05-11 20:04:00
95,1715866200,154.10000610351562,155.05999755859375,152.2100067138672,152.22999572753906,13394100,150.12966918945312,2024-05-16 09:30:00 UTC,TSM,USD,2025-05-11 20:04:00
96,1715952600,154.0,154.0,150.83999633789062,151.67999267578125,7711200,149.58724975585938,2024-05-17 09:30:00 UTC,TSM,USD,2025-05-11 20:04:00
97,1716211800,151.6699981689453,154.24000549316406,150.82000732421875,153.5500030517578,9261200,151.43145751953125,2024-05-20 09:30:00 UTC,TSM,USD,2025-05-11 20:04:00
98,1716298200,152.3000030517578,153.99000549316406,151.9499969482422,153.6699981689453,7919400,151.5498046875,2024-05-21 09:30:00 UTC,TSM,USD,2025-05-11 20:04:00
99,1716384600,155.8800048828125,157.22999572753906,154.5399932861328,156.14999389648438,13455200,153.99557495117188,2024-05-22 09:30:00 UTC,TSM,USD,2025-05-11 20:04:00
100,1716471000,159.17999267578125,160.77999877929688,155.8699951171875,157.08999633789062,20873000,154.92263793945312,2024-05-23 09:30:00 UTC,TSM,USD,2025-05-11 20:04:00
101,1716557400,157.1999969482422,160.66000366210938,156.7100067138672,160.0,11895500,157.79248046875,2024-05-24 09:30:00 UTC,TSM,USD,2025-05-11 20:04:00
102,1716903000,159.67999267578125,160.3800048828125,157.60000610351562,159.41000366210938,13964400,157.21060180664062,2024-05-28 09:30:00 UTC,TSM,USD,2025-05-11 20:04:00
103,1716989400,156.75,156.8800048828125,153.2100067138672,154.33999633789062,15780000,152.21055603027344,2024-05-29 09:30:00 UTC,TSM,USD,2025-05-11 20:04:00
104,1717075800,153.58999633789062,154.0500030517578,151.88999938964844,152.9600067138672,9711000,150.84962463378906,2024-05-30 09:30:00 UTC,TSM,USD,2025-05-11 20:04:00
105,1717162200,151.47999572753906,152.5,147.80999755859375,151.0399932861328,13782600,148.95608520507812,2024-05-31 09:30:00 UTC,TSM,USD,2025-05-11 20:04:00
106,1717421400,155.1199951171875,157.14999389648438,152.4600067138672,154.9499969482422,12924400,152.81214904785156,2024-06-03 09:30:00 UTC,TSM,USD,2025-05-11 20:04:00
107,1717507800,153.39999389648438,153.7899932861328,150.99000549316406,152.47000122070312,10066700,150.36636352539062,2024-06-04 09:30:00 UTC,TSM,USD,2025-05-11 20:04:00
108,1717594200,158.58999633789062,163.72999572753906,157.9499969482422,162.9199981689453,23192600,160.67218017578125,2024-06-05 09:30:00 UTC,TSM,USD,2025-05-11 20:04:00
109,1717680600,164.52000427246094,164.6999969482422,160.36000061035156,162.07000732421875,14819100,159.83392333984375,2024-06-06 09:30:00 UTC,TSM,USD,2025-05-11 20:04:00
110,1717767000,163.57000732421875,166.1199951171875,161.9600067138672,164.38999938964844,14023300,162.1219024658203,2024-06-07 09:30:00 UTC,TSM,USD,2025-05-11 20:04:00
111,1718026200,164.0,169.83999633789062,162.4199981689453,168.16000366210938,12438400,165.8398895263672,2024-06-10 09:30:00 UTC,TSM,USD,2025-05-11 20:04:00
112,1718112600,168.17999267578125,168.41000366210938,163.7899932861328,165.7100067138672,11508600,163.4237060546875,2024-06-11 09:30:00 UTC,TSM,USD,2025-05-11 20:04:00
113,1718199000,173.36000061035156,176.05999755859375,171.5399932861328,172.97999572753906,20309500,170.5933837890625,2024-06-12 09:30:00 UTC,TSM,USD,2025-05-11 20:04:00
114,1718285400,172.9499969482422,174.07000732421875,170.50999450683594,172.91000366210938,15591800,171.06231689453125,2024-06-13 09:30:00 UTC,TSM,USD,2025-05-11 20:04:00
115,1718371800,172.0,173.63999938964844,170.36000061035156,172.50999450683594,9192500,170.66659545898438,2024-06-14 09:30:00 UTC,TSM,USD,2025-05-11 20:04:00
116,1718631000,177.83999633789062,178.6699981689453,173.47999572753906,177.24000549316406,18593700,175.34605407714844,2024-06-17 09:30:00 UTC,TSM,USD,2025-05-11 20:04:00
117,1718717400,180.02000427246094,184.86000061035156,178.99000549316406,179.69000244140625,27155100,177.76986694335938,2024-06-18 09:30:00 UTC,TSM,USD,2025-05-11 20:04:00
118,1718890200,182.5800018310547,183.1699981689453,173.5,175.3800048828125,28403200,173.5059356689453,2024-06-20 09:30:00 UTC,TSM,USD,2025-05-11 20:04:00
119,1718976600,172.7100067138672,177.47999572753906,172.2100067138672,173.9600067138672,20271300,172.10110473632812,2024-06-21 09:30:00 UTC,TSM,USD,2025-05-11 20:04:00
120,1719235800,170.42999267578125,171.4199981689453,167.1199951171875,167.80999755859375,19741700,166.0167999267578,2024-06-24 09:30:00 UTC,TSM,USD,2025-05-11 20:04:00
121,1719322200,169.9499969482422,172.63999938964844,169.00999450683594,172.60000610351562,13481000,170.75564575195312,2024-06-25 09:30:00 UTC,TSM,USD,2025-05-11 20:04:00
122,1719408600,172.1199951171875,173.69000244140625,170.1999969482422,172.07000732421875,11901500,170.23130798339844,2024-06-26 09:30:00 UTC,TSM,USD,2025-05-11 20:04:00
123,1719495000,173.7899932861328,175.47999572753906,171.14999389648438,171.6300048828125,10864600,169.79600524902344,2024-06-27 09:30:00 UTC,TSM,USD,2025-05-11 20:04:00
124,1719581400,172.80999755859375,176.82000732421875,172.80999755859375,173.80999755859375,11216100,171.95269775390625,2024-06-28 09:30:00 UTC,TSM,USD,2025-05-11 20:04:00
125,1719840600,174.24000549316406,175.3000030517578,170.4499969482422,172.3300018310547,10717000,170.488525390625,2024-07-01 09:30:00 UTC,TSM,USD,2025-05-11 20:04:00
126,1719927000,171.1300048828125,176.7100067138672,171.02999877929688,175.6999969482422,10655500,173.82249450683594,2024-07-02 09:30:00 UTC,TSM,USD,2025-05-11 20:04:00
127,1720013400,177.99000549316406,182.49000549316406,177.8800048828125,182.49000549316406,11808700,180.53994750976562,2024-07-03 09:30:00 UTC,TSM,USD,2025-05-11 20:04:00
128,1720186200,184.13999938964844,185.0800018310547,182.3000030517578,183.99000549316406,11372900,182.02392578125,2024-07-05 09:30:00 UTC,TSM,USD,2025-05-11 20:04:00
129,1720445400,190.0,192.8000030517578,185.1300048828125,186.6300048828125,22582400,184.63572692871094,2024-07-08 09:30:00 UTC,TSM,USD,2025-05-11 20:04:00
130,1720531800,188.08999633789062,188.44000244140625,182.5,184.52000427246094,19935200,182.5482635498047,2024-07-09 09:30:00 UTC,TSM,USD,2025-05-11 20:04:00
131,1720618200,188.27999877929688,191.4199981689453,186.6999969482422,191.0500030517578,19293500,189.00848388671875,2024-07-10 09:30:00 UTC,TSM,USD,2025-05-11 20:04:00
132,1720704600,193.08999633789062,193.47000122070312,183.00999450683594,184.5,21584200,182.52847290039062,2024-07-11 09:30:00 UTC,TSM,USD,2025-05-11 20:04:00
133,1720791000,183.07000732421875,190.3800048828125,182.75,187.35000610351562,19220300,185.3480224609375,2024-07-12 09:30:00 UTC,TSM,USD,2025-05-11 20:04:00
134,1721050200,188.67999267578125,190.05999755859375,184.0800018310547,185.22000122070312,15683100,183.24078369140625,2024-07-15 09:30:00 UTC,TSM,USD,2025-05-11 20:04:00
135,1721136600,188.27000427246094,189.58999633789062,185.02000427246094,186.0399932861328,16663300,184.052001953125,2024-07-16 09:30:00 UTC,TSM,USD,2025-05-11 20:04:00
136,1721223000,175.22000122070312,176.5800018310547,170.50999450683594,171.1999969482422,45052600,169.37059020996094,2024-07-17 09:30:00 UTC,TSM,USD,2025-05-11 20:04:00
137,1721309400,175.5,178.69000244140625,164.50999450683594,171.8699951171875,52903600,170.03343200683594,2024-07-18 09:30:00 UTC,TSM,USD,2025-05-11 20:04:00
138,1721395800,169.1699981689453,170.52000427246094,165.22000122070312,165.77000427246094,22585300,163.9986114501953,2024-07-19 09:30:00 UTC,TSM,USD,2025-05-11 20:04:00
139,1721655000,166.61000061035156,170.8800048828125,166.17999267578125,169.35000610351562,21037200,167.54037475585938,2024-07-22 09:30:00 UTC,TSM,USD,2025-05-11 20:04:00
140,1721741400,169.4199981689453,171.5399932861328,167.97000122070312,169.82000732421875,11690700,168.00534057617188,2024-07-23 09:30:00 UTC,TSM,USD,2025-05-11 20:04:00
141,1721827800,165.08999633789062,165.4499969482422,159.58999633789062,159.8000030517578,19536600,158.0924072265625,2024-07-24 09:30:00 UTC,TSM,USD,2025-05-11 20:04:00
142,1721914200,158.16000366210938,163.39999389648438,152.11000061035156,160.27999877929688,25731800,158.56727600097656,2024-07-25 09:30:00 UTC,TSM,USD,2025-05-11 20:04:00
143,1722000600,164.3000030517578,164.58999633789062,159.19000244140625,161.94000244140625,13089200,160.2095489501953,2024-07-26 09:30:00 UTC,TSM,USD,2025-05-11 20:04:00
144,1722259800,162.67999267578125,163.22999572753906,158.6300048828125,160.00999450683594,12663100,158.30015563964844,2024-07-29 09:30:00 UTC,TSM,USD,2025-05-11 20:04:00
145,1722346200,160.44000244140625,161.14999389648438,152.5500030517578,154.5399932861328,22018000,152.88861083984375,2024-07-30 09:30:00 UTC,TSM,USD,2025-05-11 20:04:00
146,1722432600,163.77000427246094,166.64999389648438,162.07000732421875,165.8000030517578,19860400,164.02828979492188,2024-07-31 09:30:00 UTC,TSM,USD,2025-05-11 20:04:00
147,1722519000,163.47999572753906,167.6699981689453,156.83999633789062,158.17999267578125,21095600,156.48971557617188,2024-08-01 09:30:00 UTC,TSM,USD,2025-05-11 20:04:00
148,1722605400,151.25,153.86000061035156,146.88999938964844,149.86000061035156,31095300,148.25863647460938,2024-08-02 09:30:00 UTC,TSM,USD,2025-05-11 20:04:00
149,1722864600,133.86000061035156,150.0,133.57000732421875,147.9499969482422,31193100,146.36903381347656,2024-08-05 09:30:00 UTC,TSM,USD,2025-05-11 20:04:00
150,1722951000,150.44000244140625,157.7100067138672,147.72000122070312,155.38999938964844,24528100,153.72952270507812,2024-08-06 09:30:00 UTC,TSM,USD,2025-05-11 20:04:00
151,1723037400,161.5500030517578,162.64999389648438,154.52000427246094,155.0399932861328,22379000,153.3832550048828,2024-08-07 09:30:00 UTC,TSM,USD,2025-05-11 20:04:00
152,1723123800,159.27000427246094,164.75,155.5399932861328,164.5500030517578,18889600,162.79165649414062,2024-08-08 09:30:00 UTC,TSM,USD,2025-05-11 20:04:00
153,1723210200,166.32000732421875,167.8000030517578,163.24000549316406,167.1199951171875,20519400,165.33416748046875,2024-08-09 09:30:00 UTC,TSM,USD,2025-05-11 20:04:00
154,1723469400,166.0,169.52999877929688,165.5399932861328,167.6300048828125,14727300,165.8387451171875,2024-08-12 09:30:00 UTC,TSM,USD,2025-05-11 20:04:00
155,1723555800,168.0,172.4499969482422,166.33999633789062,172.33999633789062,15243500,170.4984130859375,2024-08-13 09:30:00 UTC,TSM,USD,2025-05-11 20:04:00
156,1723642200,171.8800048828125,172.50999450683594,167.19000244140625,169.97000122070312,11510300,168.1537322998047,2024-08-14 09:30:00 UTC,TSM,USD,2025-05-11 20:04:00
157,1723728600,172.42999267578125,175.44000244140625,170.82000732421875,173.9600067138672,15393500,172.10110473632812,2024-08-15 09:30:00 UTC,TSM,USD,2025-05-11 20:04:00
158,1723815000,173.38999938964844,175.0,172.25,174.5399932861328,10710000,172.67489624023438,2024-08-16 09:30:00 UTC,TSM,USD,2025-05-11 20:04:00
159,1724074200,174.75999450683594,175.4499969482422,171.10000610351562,175.4499969482422,11511000,173.57516479492188,2024-08-19 09:30:00 UTC,TSM,USD,2025-05-11 20:04:00
160,1724160600,175.39999389648438,175.39999389648438,169.85000610351562,172.0399932861328,13555500,170.2016143798828,2024-08-20 09:30:00 UTC,TSM,USD,2025-05-11 20:04:00
161,1724247000,170.36000061035156,173.0800018310547,169.91000366210938,171.44000244140625,9434800,169.6080322265625,2024-08-21 09:30:00 UTC,TSM,USD,2025-05-11 20:04:00
162,1724333400,172.0,173.27999877929688,166.05999755859375,166.44000244140625,13546100,164.66146850585938,2024-08-22 09:30:00 UTC,TSM,USD,2025-05-11 20:04:00
163,1724419800,169.0,173.2899932861328,167.9199981689453,171.27999877929688,12189100,169.44973754882812,2024-08-23 09:30:00 UTC,TSM,USD,2025-05-11 20:04:00
164,1724679000,170.3800048828125,171.0500030517578,167.82000732421875,169.07000732421875,9611300,167.26336669921875,2024-08-26 09:30:00 UTC,TSM,USD,2025-05-11 20:04:00
165,1724765400,166.4199981689453,170.5800018310547,165.0399932861328,170.5500030517578,9186000,168.72755432128906,2024-08-27 09:30:00 UTC,TSM,USD,2025-05-11 20:04:00
166,1724851800,171.32000732421875,172.47000122070312,166.1999969482422,169.1999969482422,10581400,167.3919677734375,2024-08-28 09:30:00 UTC,TSM,USD,2025-05-11 20:04:00
167,1724938200,168.64999389648438,175.4199981689453,167.50999450683594,169.14999389648438,13213200,167.34249877929688,2024-08-29 09:30:00 UTC,TSM,USD,2025-05-11 20:04:00
168,1725024600,170.05999755859375,172.22999572753906,168.75,171.6999969482422,9481400,169.865234375,2024-08-30 09:30:00 UTC,TSM,USD,2025-05-11 20:04:00
169,1725370200,168.0,168.67999267578125,159.8000030517578,160.49000549316406,18464400,158.77503967285156,2024-09-03 09:30:00 UTC,TSM,USD,2025-05-11 20:04:00
170,1725456600,159.3000030517578,163.8800048828125,158.9499969482422,160.8699951171875,11317400,159.15097045898438,2024-09-04 09:30:00 UTC,TSM,USD,2025-05-11 20:04:00
171,1725543000,161.5399932861328,164.58999633789062,161.0500030517578,163.6999969482422,10260600,161.9507293701172,2024-09-05 09:30:00 UTC,TSM,USD,2025-05-11 20:04:00
172,1725629400,164.88999938964844,165.41000366210938,156.00999450683594,156.82000732421875,14964400,155.14425659179688,2024-09-06 09:30:00 UTC,TSM,USD,2025-05-11 20:04:00
173,1725888600,160.75999450683594,163.10000610351562,160.25,162.77999877929688,10339000,161.0405731201172,2024-09-09 09:30:00 UTC,TSM,USD,2025-05-11 20:04:00
174,1725975000,162.88999938964844,162.88999938964844,157.69000244140625,162.42999267578125,11910800,160.6942901611328,2024-09-10 09:30:00 UTC,TSM,USD,2025-05-11 20:04:00
175,1726061400,163.8000030517578,170.3800048828125,161.4199981689453,170.22999572753906,15059500,168.41094970703125,2024-09-11 09:30:00 UTC,TSM,USD,2025-05-11 20:04:00
176,1726147800,170.60000610351562,172.14999389648438,169.0,171.42999267578125,13415500,170.22410583496094,2024-09-12 09:30:00 UTC,TSM,USD,2025-05-11 20:04:00
177,1726234200,172.24000549316406,174.77000427246094,171.4499969482422,172.5,8787800,171.2865753173828,2024-09-13 09:30:00 UTC,TSM,USD,2025-05-11 20:04:00
178,1726493400,169.91000366210938,170.55999755859375,166.77000427246094,169.0800018310547,12194300,167.89064025878906,2024-09-16 09:30:00 UTC,TSM,USD,2025-05-11 20:04:00
179,1726579800,169.35000610351562,170.24000549316406,166.36000061035156,167.35000610351562,8629100,166.17282104492188,2024-09-17 09:30:00 UTC,TSM,USD,2025-05-11 20:04:00
180,1726666200,168.4600067138672,171.60000610351562,167.0,167.27999877929688,9116000,166.10330200195312,2024-09-18 09:30:00 UTC,TSM,USD,2025-05-11 20:04:00
181,1726752600,174.3800048828125,177.77999877929688,172.6300048828125,176.22000122070312,15855000,174.9804229736328,2024-09-19 09:30:00 UTC,TSM,USD,2025-05-11 20:04:00
182,1726839000,174.8699951171875,176.02000427246094,173.64999389648438,174.0800018310547,18429800,172.85548400878906,2024-09-20 09:30:00 UTC,TSM,USD,2025-05-11 20:04:00
183,1727098200,174.83999633789062,175.39999389648438,173.6999969482422,174.75999450683594,5794200,173.53067016601562,2024-09-23 09:30:00 UTC,TSM,USD,2025-05-11 20:04:00
184,1727184600,179.5,182.77999877929688,177.0500030517578,181.97000122070312,14576100,180.68997192382812,2024-09-24 09:30:00 UTC,TSM,USD,2025-05-11 20:04:00
185,1727271000,181.52000427246094,183.82000732421875,181.2100067138672,182.35000610351562,8280900,181.0673065185547,2024-09-25 09:30:00 UTC,TSM,USD,2025-05-11 20:04:00
186,1727357400,188.5,189.3300018310547,183.8000030517578,186.8300018310547,15103400,185.5157928466797,2024-09-26 09:30:00 UTC,TSM,USD,2025-05-11 20:04:00
187,1727443800,185.83999633789062,185.94000244140625,177.39999389648438,177.97000122070312,17908400,176.71810913085938,2024-09-27 09:30:00 UTC,TSM,USD,2025-05-11 20:04:00
188,1727703000,174.27000427246094,176.82000732421875,171.92999267578125,173.6699981689453,13540200,172.4483642578125,2024-09-30 09:30:00 UTC,TSM,USD,2025-05-11 20:04:00
189,1727789400,175.30999755859375,175.99000549316406,170.77999877929688,172.07000732421875,11850200,170.859619140625,2024-10-01 09:30:00 UTC,TSM,USD,2025-05-11 20:04:00
190,1727875800,172.9600067138672,176.97000122070312,170.7899932861328,175.8000030517578,11164400,174.56338500976562,2024-10-02 09:30:00 UTC,TSM,USD,2025-05-11 20:04:00
191,1727962200,175.8000030517578,180.7899932861328,175.1199951171875,179.47999572753906,12555000,178.21746826171875,2024-10-03 09:30:00 UTC,TSM,USD,2025-05-11 20:04:00
192,1728048600,179.6999969482422,181.22999572753906,177.5500030517578,181.16000366210938,9993800,179.88568115234375,2024-10-04 09:30:00 UTC,TSM,USD,2025-05-11 20:04:00
193,1728307800,181.60000610351562,185.0,180.92999267578125,184.50999450683594,12054200,183.21209716796875,2024-10-07 09:30:00 UTC,TSM,USD,2025-05-11 20:04:00
194,1728394200,184.9600067138672,186.5399932861328,182.02999877929688,186.0500030517578,10394200,184.74127197265625,2024-10-08 09:30:00 UTC,TSM,USD,2025-05-11 20:04:00
195,1728480600,187.8000030517578,188.0,182.25999450683594,187.13999938964844,11925000,185.82359313964844,2024-10-09 09:30:00 UTC,TSM,USD,2025-05-11 20:04:00
196,1728567000,185.86000061035156,187.0800018310547,184.39999389648438,185.77999877929688,6443800,184.47315979003906,2024-10-10 09:30:00 UTC,TSM,USD,2025-05-11 20:04:00
197,1728653400,188.1699981689453,191.49000549316406,188.00999450683594,190.80999755859375,12163900,189.46778869628906,2024-10-11 09:30:00 UTC,TSM,USD,2025-05-11 20:04:00
198,1728912600,190.61000061035156,194.25,190.5,192.2100067138672,11714400,190.85794067382812,2024-10-14 09:30:00 UTC,TSM,USD,2025-05-11 20:04:00
199,1728999000,192.9600067138672,193.6199951171875,184.25,187.1300048828125,21812700,185.8136749267578,2024-10-15 09:30:00 UTC,TSM,USD,2025-05-11 20:04:00
200,1729085400,189.77999877929688,190.00999450683594,186.66000366210938,187.47999572753906,18689200,186.1612091064453,2024-10-16 09:30:00 UTC,TSM,USD,2025-05-11 20:04:00
201,1729171800,203.35000610351562,212.60000610351562,201.97000122070312,205.83999633789062,62274700,204.39205932617188,2024-10-17 09:30:00 UTC,TSM,USD,2025-05-11 20:04:00
202,1729258200,205.9499969482422,205.9499969482422,200.75999450683594,200.77999877929688,21030800,199.36766052246094,2024-10-18 09:30:00 UTC,TSM,USD,2025-05-11 20:04:00
203,1729517400,200.80999755859375,203.44000244140625,199.66000366210938,201.9499969482422,14820000,200.5294189453125,2024-10-21 09:30:00 UTC,TSM,USD,2025-05-11 20:04:00
204,1729603800,199.07000732421875,200.1699981689453,197.11000061035156,198.47999572753906,11165100,197.08383178710938,2024-10-22 09:30:00 UTC,TSM,USD,2025-05-11 20:04:00
205,1729690200,196.67999267578125,203.1300048828125,196.22999572753906,200.86000061035156,16535700,199.4470977783203,2024-10-23 09:30:00 UTC,TSM,USD,2025-05-11 20:04:00
206,1729776600,198.9600067138672,200.5,197.41000366210938,197.92999267578125,9935800,196.53770446777344,2024-10-24 09:30:00 UTC,TSM,USD,2025-05-11 20:04:00
207,1729863000,200.25,205.1999969482422,200.0,203.44000244140625,13434900,202.0089569091797,2024-10-25 09:30:00 UTC,TSM,USD,2025-05-11 20:04:00
208,1730122200,199.25999450683594,199.74000549316406,194.52000427246094,194.67999267578125,20135300,193.31056213378906,2024-10-28 09:30:00 UTC,TSM,USD,2025-05-11 20:04:00
209,1730208600,194.38999938964844,198.7899932861328,193.60000610351562,196.94000244140625,13779100,195.55467224121094,2024-10-29 09:30:00 UTC,TSM,USD,2025-05-11 20:04:00
210,1730295000,194.3800048828125,195.4499969482422,192.61000061035156,194.47999572753906,10007800,193.11196899414062,2024-10-30 09:30:00 UTC,TSM,USD,2025-05-11 20:04:00
211,1730381400,192.86000061035156,192.86000061035156,187.66000366210938,190.5399932861328,13062700,189.19967651367188,2024-10-31 09:30:00 UTC,TSM,USD,2025-05-11 20:04:00
212,1730467800,194.1999969482422,198.1699981689453,192.5500030517578,192.9499969482422,12691200,191.5927276611328,2024-11-01 09:30:00 UTC,TSM,USD,2025-05-11 20:04:00
213,1730730600,193.6999969482422,194.36000061035156,190.60000610351562,191.55999755859375,10917300,190.21250915527344,2024-11-04 10:30:00 UTC,TSM,USD,2025-05-11 20:04:00
214,1730817000,193.5800018310547,198.33999633789062,193.49000549316406,195.75999450683594,10339200,194.38296508789062,2024-11-05 10:30:00 UTC,TSM,USD,2025-05-11 20:04:00
215,1730903400,192.0399932861328,194.25999450683594,188.5,193.22000122070312,19834900,191.86083984375,2024-11-06 10:30:00 UTC,TSM,USD,2025-05-11 20:04:00
216,1730989800,196.30999755859375,202.00999450683594,196.25,201.19000244140625,14865200,199.7747802734375,2024-11-07 10:30:00 UTC,TSM,USD,2025-05-11 20:04:00
217,1731076200,203.88999938964844,206.61000061035156,200.02000427246094,201.1999969482422,13112100,199.78468322753906,2024-11-08 10:30:00 UTC,TSM,USD,2025-05-11 20:04:00
218,1731335400,197.9600067138672,198.1999969482422,191.49000549316406,194.0500030517578,16610000,192.68499755859375,2024-11-11 10:30:00 UTC,TSM,USD,2025-05-11 20:04:00
219,1731421800,193.8300018310547,194.0,189.72000122070312,191.77000427246094,11819000,190.42103576660156,2024-11-12 10:30:00 UTC,TSM,USD,2025-05-11 20:04:00
220,1731508200,192.44000244140625,192.47999572753906,186.5,186.66000366210938,13882200,185.34698486328125,2024-11-13 10:30:00 UTC,TSM,USD,2025-05-11 20:04:00
221,1731594600,188.39999389648438,192.66000366210938,187.5399932861328,188.5,11453900,187.17404174804688,2024-11-14 10:30:00 UTC,TSM,USD,2025-05-11 20:04:00
222,1731681000,188.17999267578125,188.8000030517578,184.80999755859375,186.00999450683594,9834800,184.70155334472656,2024-11-15 10:30:00 UTC,TSM,USD,2025-05-11 20:04:00
223,1731940200,184.35000610351562,188.0,183.49000549316406,187.47999572753906,10694000,186.1612091064453,2024-11-18 10:30:00 UTC,TSM,USD,2025-05-11 20:04:00
224,1732026600,189.1300048828125,190.02000427246094,188.02000427246094,189.6699981689453,9390100,188.33580017089844,2024-11-19 10:30:00 UTC,TSM,USD,2025-05-11 20:04:00
225,1732113000,188.85000610351562,188.85000610351562,184.05999755859375,188.36000061035156,10624500,187.03501892089844,2024-11-20 10:30:00 UTC,TSM,USD,2025-05-11 20:04:00
226,1732199400,189.41000366210938,192.3000030517578,186.74000549316406,191.24000549316406,18137300,189.894775390625,2024-11-21 10:30:00 UTC,TSM,USD,2025-05-11 20:04:00
227,1732285800,192.9499969482422,193.0,189.42999267578125,190.0800018310547,8838900,188.742919921875,2024-11-22 10:30:00 UTC,TSM,USD,2025-05-11 20:04:00
228,1732545000,188.08999633789062,188.25,183.7100067138672,185.0800018310547,14380000,183.77810668945312,2024-11-25 10:30:00 UTC,TSM,USD,2025-05-11 20:04:00
229,1732631400,185.39999389648438,185.89999389648438,182.3300018310547,183.83999633789062,10186600,182.54681396484375,2024-11-26 10:30:00 UTC,TSM,USD,2025-05-11 20:04:00
230,1732717800,182.0,182.4499969482422,178.0500030517578,181.19000244140625,9895200,179.91546630859375,2024-11-27 10:30:00 UTC,TSM,USD,2025-05-11 20:04:00
231,1732890600,181.50999450683594,186.9499969482422,181.17999267578125,184.66000366210938,8045300,183.36105346679688,2024-11-29 10:30:00 UTC,TSM,USD,2025-05-11 20:04:00
232,1733149800,189.33999633789062,195.2899932861328,188.94000244140625,194.39999389648438,16646900,193.03253173828125,2024-12-02 10:30:00 UTC,TSM,USD,2025-05-11 20:04:00
233,1733236200,193.5,199.0,192.60000610351562,198.88999938964844,11217700,197.49095153808594,2024-12-03 10:30:00 UTC,TSM,USD,2025-05-11 20:04:00
234,1733322600,199.85000610351562,202.60000610351562,198.27000427246094,200.69000244140625,12761100,199.27828979492188,2024-12-04 10:30:00 UTC,TSM,USD,2025-05-11 20:04:00
235,1733409000,201.25,205.6300048828125,200.75,204.3000030517578,12483700,202.86288452148438,2024-12-05 10:30:00 UTC,TSM,USD,2025-05-11 20:04:00
236,1733495400,202.0,203.19000244140625,199.92999267578125,203.02000427246094,9672900,201.59190368652344,2024-12-06 10:30:00 UTC,TSM,USD,2025-05-11 20:04:00
237,1733754600,200.92999267578125,203.1300048828125,198.97999572753906,199.1699981689453,9699700,197.76898193359375,2024-12-09 10:30:00 UTC,TSM,USD,2025-05-11 20:04:00
238,1733841000,199.10000610351562,199.91000366210938,190.3699951171875,191.94000244140625,15307900,190.58982849121094,2024-12-10 10:30:00 UTC,TSM,USD,2025-05-11 20:04:00
239,1733927400,194.6699981689453,196.0,193.25999450683594,194.60000610351562,9027600,193.23114013671875,2024-12-11 10:30:00 UTC,TSM,USD,2025-05-11 20:04:00
240,1734013800,194.6300048828125,195.4199981689453,191.2899932861328,191.4600067138672,7944900,190.71693420410156,2024-12-12 10:30:00 UTC,TSM,USD,2025-05-11 20:04:00
241,1734100200,198.50999450683594,202.5399932861328,197.27000427246094,200.99000549316406,19477000,200.20994567871094,2024-12-13 10:30:00 UTC,TSM,USD,2025-05-11 20:04:00
242,1734359400,203.1999969482422,205.5,200.8699951171875,202.22000122070312,15139300,201.43516540527344,2024-12-16 10:30:00 UTC,TSM,USD,2025-05-11 20:04:00
243,1734445800,201.0,202.39999389648438,197.47000122070312,200.66000366210938,11169400,199.8812255859375,2024-12-17 10:30:00 UTC,TSM,USD,2025-05-11 20:04:00
244,1734532200,203.0,205.24000549316406,193.9600067138672,195.55999755859375,14721100,194.80101013183594,2024-12-18 10:30:00 UTC,TSM,USD,2025-05-11 20:04:00
245,1734618600,198.39999389648438,198.57000732421875,193.9499969482422,194.63999938964844,10553400,193.88458251953125,2024-12-19 10:30:00 UTC,TSM,USD,2025-05-11 20:04:00
246,1734705000,192.60000610351562,198.0800018310547,191.97999572753906,197.2100067138672,16170100,196.44461059570312,2024-12-20 10:30:00 UTC,TSM,USD,2025-05-11 20:04:00
247,1734964200,201.0,208.0500030517578,200.91000366210938,207.36000061035156,17847000,206.5552215576172,2024-12-23 10:30:00 UTC,TSM,USD,2025-05-11 20:04:00
248,1735050600,205.9199981689453,207.1999969482422,204.5500030517578,206.3300018310547,7634500,205.5292205810547,2024-12-24 10:30:00 UTC,TSM,USD,2025-05-11 20:04:00
249,1735223400,205.5,208.16000366210938,202.88999938964844,203.05999755859375,8044900,202.2718963623047,2024-12-26 10:30:00 UTC,TSM,USD,2025-05-11 20:04:00
250,1735309800,204.5,204.5,199.0500030517578,201.6300048828125,10664400,200.8474578857422,2024-12-27 10:30:00 UTC,TSM,USD,2025-05-11 20:04:00
251,1735569000,199.83999633789062,201.97000122070312,198.47999572753906,200.38999938964844,11235200,199.6122589111328,2024-12-30 10:30:00 UTC,TSM,USD,2025-05-11 20:04:00
252,1735655400,200.7899932861328,201.77999877929688,197.36000061035156,197.49000549316406,6427900,196.72352600097656,2024-12-31 10:30:00 UTC,TSM,USD,2025-05-11 20:04:00
253,1735828200,197.0,203.77000427246094,196.69000244140625,201.5800018310547,10951400,200.7976531982422,2025-01-02 10:30:00 UTC,TSM,USD,2025-05-11 20:04:41
254,1735914600,204.10000610351562,208.8000030517578,203.6999969482422,208.61000061035156,10261900,207.8003692626953,2025-01-03 10:30:00 UTC,TSM,USD,2025-05-11 20:04:41
255,1736173800,218.77000427246094,222.1999969482422,215.69000244140625,220.00999450683594,24339900,219.15611267089844,2025-01-06 10:30:00 UTC,TSM,USD,2025-05-11 20:04:41
256,1736260200,221.24000549316406,221.47999572753906,211.32000732421875,211.4199981689453,17010000,210.59945678710938,2025-01-07 10:30:00 UTC,TSM,USD,2025-05-11 20:04:41
257,1736346600,209.97000122070312,210.3000030517578,205.9199981689453,207.1199951171875,13262700,206.31614685058594,2025-01-08 10:30:00 UTC,TSM,USD,2025-05-11 20:04:41
258,1736519400,207.60000610351562,209.97999572753906,203.22999572753906,208.3699951171875,17265200,207.56129455566406,2025-01-10 10:30:00 UTC,TSM,USD,2025-05-11 20:04:41
259,1736778600,200.52000427246094,203.58999633789062,200.0500030517578,201.36000061035156,16612400,200.57850646972656,2025-01-13 10:30:00 UTC,TSM,USD,2025-05-11 20:04:41
260,1736865000,205.19000244140625,206.25999450683594,198.5,201.4499969482422,14182900,200.66815185546875,2025-01-14 10:30:00 UTC,TSM,USD,2025-05-11 20:04:41
261,1736951400,202.49000549316406,209.0399932861328,199.35000610351562,206.8000030517578,18286500,205.9973907470703,2025-01-15 10:30:00 UTC,TSM,USD,2025-05-11 20:04:41
262,1737037800,218.88999938964844,221.9499969482422,213.1699981689453,214.7899932861328,38539600,213.9563751220703,2025-01-16 10:30:00 UTC,TSM,USD,2025-05-11 20:04:41
263,1737124200,215.1699981689453,215.67999267578125,211.05999755859375,211.5,21606100,210.6791534423828,2025-01-17 10:30:00 UTC,TSM,USD,2025-05-11 20:04:41
264,1737469800,214.4600067138672,220.14999389648438,212.0500030517578,218.6999969482422,19061300,217.8511962890625,2025-01-21 10:30:00 UTC,TSM,USD,2025-05-11 20:04:41
265,1737556200,221.9499969482422,225.42999267578125,219.30999755859375,223.1999969482422,17294500,222.333740234375,2025-01-22 10:30:00 UTC,TSM,USD,2025-05-11 20:04:41
266,1737642600,220.10000610351562,224.6999969482422,219.41000366210938,224.6199951171875,8986800,223.74822998046875,2025-01-23 10:30:00 UTC,TSM,USD,2025-05-11 20:04:41
267,1737729000,226.22000122070312,226.39999389648438,220.9600067138672,221.8800048828125,13183800,221.01885986328125,2025-01-24 10:30:00 UTC,TSM,USD,2025-05-11 20:04:41
268,1737988200,197.0399932861328,207.0,187.6699981689453,192.30999755859375,68667500,191.56362915039062,2025-01-27 10:30:00 UTC,TSM,USD,2025-05-11 20:04:41
269,1738074600,195.64999389648438,202.83999633789062,192.4600067138672,202.39999389648438,31738800,201.6144561767578,2025-01-28 10:30:00 UTC,TSM,USD,2025-05-11 20:04:41
270,1738161000,204.49000549316406,206.4499969482422,199.75,202.3300018310547,15199500,201.54473876953125,2025-01-29 10:30:00 UTC,TSM,USD,2025-05-11 20:04:41
271,1738247400,206.57000732421875,209.6199951171875,205.4199981689453,208.14999389648438,13539000,207.34214782714844,2025-01-30 10:30:00 UTC,TSM,USD,2025-05-11 20:04:41
272,1738333800,209.92999267578125,215.0,208.1999969482422,209.32000732421875,15781900,208.5076141357422,2025-01-31 10:30:00 UTC,TSM,USD,2025-05-11 20:04:41
273,1738593000,199.6300048828125,204.99000549316406,197.97999572753906,199.8000030517578,17719800,199.02456665039062,2025-02-03 10:30:00 UTC,TSM,USD,2025-05-11 20:04:41
274,1738679400,204.07000732421875,205.75,202.0800018310547,204.0500030517578,12692900,203.25807189941406,2025-02-04 10:30:00 UTC,TSM,USD,2025-05-11 20:04:41
275,1738765800,206.0,210.47999572753906,203.8300018310547,208.57000732421875,10997800,207.76052856445312,2025-02-05 10:30:00 UTC,TSM,USD,2025-05-11 20:04:41
276,1738852200,210.05999755859375,211.17999267578125,207.0,210.5,8491400,209.6830291748047,2025-02-06 10:30:00 UTC,TSM,USD,2025-05-11 20:04:41
277,1738938600,213.00999450683594,213.17999267578125,205.72000122070312,206.1199951171875,11616200,205.3200225830078,2025-02-07 10:30:00 UTC,TSM,USD,2025-05-11 20:04:41
278,1739197800,208.0,209.97999572753906,206.52999877929688,207.9499969482422,9296500,207.14292907714844,2025-02-10 10:30:00 UTC,TSM,USD,2025-05-11 20:04:41
279,1739284200,205.1300048828125,209.83999633789062,201.0,208.74000549316406,9224500,207.92987060546875,2025-02-11 10:30:00 UTC,TSM,USD,2025-05-11 20:04:41
280,1739370600,204.89999389648438,207.07000732421875,203.00999450683594,206.3800048828125,7373700,205.5790252685547,2025-02-12 10:30:00 UTC,TSM,USD,2025-05-11 20:04:41
281,1739457000,201.8800048828125,202.3000030517578,199.22999572753906,201.8300018310547,15580900,201.0466766357422,2025-02-13 10:30:00 UTC,TSM,USD,2025-05-11 20:04:41
282,1739543400,199.97999572753906,206.25,197.4600067138672,203.89999389648438,23220300,203.108642578125,2025-02-14 10:30:00 UTC,TSM,USD,2025-05-11 20:04:41
283,1739889000,204.75999450683594,205.85000610351562,200.52000427246094,202.74000549316406,14988100,201.95315551757812,2025-02-18 10:30:00 UTC,TSM,USD,2025-05-11 20:04:41
284,1739975400,202.00999450683594,202.60000610351562,200.02000427246094,200.9499969482422,13163100,200.1700897216797,2025-02-19 10:30:00 UTC,TSM,USD,2025-05-11 20:04:41
285,1740061800,200.27999877929688,200.33999633789062,197.61000061035156,200.10000610351562,10639300,199.32339477539062,2025-02-20 10:30:00 UTC,TSM,USD,2025-05-11 20:04:41
286,1740148200,201.3300018310547,202.69000244140625,196.00999450683594,198.24000549316406,13757300,197.47061157226562,2025-02-21 10:30:00 UTC,TSM,USD,2025-05-11 20:04:41
287,1740407400,196.8800048828125,198.7899932861328,191.4600067138672,191.64999389648438,15114300,190.90618896484375,2025-02-24 10:30:00 UTC,TSM,USD,2025-05-11 20:04:41
288,1740493800,190.64999389648438,193.52999877929688,187.47000122070312,189.3699951171875,20581000,188.63502502441406,2025-02-25 10:30:00 UTC,TSM,USD,2025-05-11 20:04:41
289,1740580200,191.08999633789062,196.0800018310547,191.08999633789062,194.6199951171875,14112300,193.86465454101562,2025-02-26 10:30:00 UTC,TSM,USD,2025-05-11 20:04:41
290,1740666600,194.69000244140625,194.77000427246094,181.0800018310547,181.08999633789062,24219200,180.3871612548828,2025-02-27 10:30:00 UTC,TSM,USD,2025-05-11 20:04:41
291,1740753000,179.30999755859375,182.16000366210938,175.52000427246094,180.52999877929688,27929400,179.829345703125,2025-02-28 10:30:00 UTC,TSM,USD,2025-05-11 20:04:41
292,1741012200,181.14999389648438,181.57000732421875,171.07000732421875,172.97000122070312,37403000,172.29869079589844,2025-03-03 10:30:00 UTC,TSM,USD,2025-05-11 20:04:41
293,1741098600,175.05999755859375,183.60000610351562,174.17999267578125,180.0,29395200,179.30140686035156,2025-03-04 10:30:00 UTC,TSM,USD,2025-05-11 20:04:41
294,1741185000,183.0,184.74000549316406,180.72000122070312,184.27999877929688,17334000,183.56478881835938,2025-03-05 10:30:00 UTC,TSM,USD,2025-05-11 20:04:41
295,1741271400,178.5800018310547,181.5500030517578,175.7899932861328,175.85000610351562,17864300,175.16751098632812,2025-03-06 10:30:00 UTC,TSM,USD,2025-05-11 20:04:41
296,1741357800,175.7899932861328,178.47000122070312,171.02000427246094,177.10000610351562,21012700,176.41265869140625,2025-03-07 10:30:00 UTC,TSM,USD,2025-05-11 20:04:41
297,1741613400,172.47000122070312,174.88999938964844,167.91000366210938,170.64999389648438,18265100,169.98768615722656,2025-03-10 09:30:00 UTC,TSM,USD,2025-05-11 20:04:41
298,1741699800,170.64999389648438,173.3300018310547,168.10000610351562,170.97000122070312,16561100,170.30645751953125,2025-03-11 09:30:00 UTC,TSM,USD,2025-05-11 20:04:41
299,1741786200,175.60000610351562,178.1300048828125,174.75999450683594,177.1699981689453,14737600,176.48239135742188,2025-03-12 09:30:00 UTC,TSM,USD,2025-05-11 20:04:41
300,1741872600,173.88999938964844,173.88999938964844,170.5,171.58999633789062,14381600,170.92404174804688,2025-03-13 09:30:00 UTC,TSM,USD,2025-05-11 20:04:41
301,1741959000,172.64999389648438,174.3699951171875,171.92999267578125,174.08999633789062,11449400,173.41433715820312,2025-03-14 09:30:00 UTC,TSM,USD,2025-05-11 20:04:41
302,1742218200,173.9499969482422,177.16000366210938,173.82000732421875,176.24000549316406,9678100,175.55599975585938,2025-03-17 09:30:00 UTC,TSM,USD,2025-05-11 20:04:41
303,1742304600,174.3800048828125,174.5800018310547,170.42999267578125,173.1300048828125,9986000,173.1300048828125,2025-03-18 09:30:00 UTC,TSM,USD,2025-05-11 20:04:41
304,1742391000,173.0,175.72999572753906,171.74000549316406,173.75999450683594,10678500,173.75999450683594,2025-03-19 09:30:00 UTC,TSM,USD,2025-05-11 20:04:41
305,1742477400,174.85000610351562,178.6699981689453,174.5500030517578,177.47000122070312,12209700,177.47000122070312,2025-03-20 09:30:00 UTC,TSM,USD,2025-05-11 20:04:41
306,1742563800,174.91000366210938,177.1999969482422,173.7899932861328,176.72999572753906,9993200,176.72999572753906,2025-03-21 09:30:00 UTC,TSM,USD,2025-05-11 20:04:41
307,1742823000,179.99000549316406,182.92999267578125,179.67999267578125,181.16000366210938,11440000,181.16000366210938,2025-03-24 09:30:00 UTC,TSM,USD,2025-05-11 20:04:41
308,1742909400,182.47000122070312,182.50999450683594,179.8000030517578,180.89999389648438,8718800,180.89999389648438,2025-03-25 09:30:00 UTC,TSM,USD,2025-05-11 20:04:41
309,1742995800,179.22999572753906,179.5500030517578,171.47000122070312,173.5,14612400,173.5,2025-03-26 09:30:00 UTC,TSM,USD,2025-05-11 20:04:41
310,1743082200,171.38999938964844,171.61000061035156,167.5500030517578,168.24000549316406,17559100,168.24000549316406,2025-03-27 09:30:00 UTC,TSM,USD,2025-05-11 20:04:41
311,1743168600,168.0399932861328,168.6300048828125,164.05999755859375,165.25,16332000,165.25,2025-03-28 09:30:00 UTC,TSM,USD,2025-05-11 20:04:41
312,1743427800,160.36000061035156,166.1300048828125,159.72999572753906,166.0,19408300,166.0,2025-03-31 09:30:00 UTC,TSM,USD,2025-05-11 20:04:41
313,1743514200,166.38999938964844,168.8699951171875,165.05999755859375,168.63999938964844,9180000,168.63999938964844,2025-04-01 09:30:00 UTC,TSM,USD,2025-05-11 20:04:41
314,1743600600,166.85000610351562,171.75,166.35000610351562,170.38999938964844,10072700,170.38999938964844,2025-04-02 09:30:00 UTC,TSM,USD,2025-05-11 20:04:41
315,1743687000,160.05999755859375,161.8000030517578,157.2100067138672,157.3800048828125,28370500,157.3800048828125,2025-04-03 09:30:00 UTC,TSM,USD,2025-05-11 20:04:41
316,1743773400,150.88999938964844,151.30999755859375,144.83999633789062,146.8000030517578,36085100,146.8000030517578,2025-04-04 09:30:00 UTC,TSM,USD,2025-05-11 20:04:41
317,1744032600,134.50999450683594,153.75,134.25,146.1699981689453,46388300,146.1699981689453,2025-04-07 09:30:00 UTC,TSM,USD,2025-05-11 20:04:41
318,1744119000,151.97999572753906,152.61000061035156,138.97999572753906,141.3699951171875,30479700,141.3699951171875,2025-04-08 09:30:00 UTC,TSM,USD,2025-05-11 20:04:41
319,1744205400,140.1999969482422,160.6199951171875,137.89999389648438,158.75,45612500,158.75,2025-04-09 09:30:00 UTC,TSM,USD,2025-05-11 20:04:41
320,1744291800,155.5,156.0,146.91000366210938,151.1300048828125,24503500,151.1300048828125,2025-04-10 09:30:00 UTC,TSM,USD,2025-05-11 20:04:41
321,1744378200,156.0,158.00999450683594,153.25,157.0800018310547,19632200,157.0800018310547,2025-04-11 09:30:00 UTC,TSM,USD,2025-05-11 20:04:41
322,1744637400,158.3000030517578,158.58999633789062,154.02999877929688,155.83999633789062,17509400,155.83999633789062,2025-04-14 09:30:00 UTC,TSM,USD,2025-05-11 20:04:41
323,1744723800,156.49000549316406,158.25,156.0500030517578,157.3300018310547,14306600,157.3300018310547,2025-04-15 09:30:00 UTC,TSM,USD,2025-05-11 20:04:41
324,1744810200,150.60000610351562,153.5399932861328,148.49000549316406,151.6699981689453,23806100,151.6699981689453,2025-04-16 09:30:00 UTC,TSM,USD,2025-05-11 20:04:41
325,1744896600,156.0500030517578,157.5,151.4499969482422,151.74000549316406,27209900,151.74000549316406,2025-04-17 09:30:00 UTC,TSM,USD,2025-05-11 20:04:41
326,1745242200,149.99000549316406,150.27999877929688,145.83999633789062,147.86000061035156,15170500,147.86000061035156,2025-04-21 09:30:00 UTC,TSM,USD,2025-05-11 20:04:41
327,1745328600,148.0,152.60000610351562,147.44000244140625,151.39999389648438,12668600,151.39999389648438,2025-04-22 09:30:00 UTC,TSM,USD,2025-05-11 20:04:41
328,1745415000,159.3699951171875,160.3800048828125,156.0,157.80999755859375,17667900,157.80999755859375,2025-04-23 09:30:00 UTC,TSM,USD,2025-05-11 20:04:41
329,1745501400,157.77999877929688,164.5500030517578,157.38999938964844,164.17999267578125,18761100,164.17999267578125,2025-04-24 09:30:00 UTC,TSM,USD,2025-05-11 20:04:41
330,1745587800,163.92999267578125,165.91000366210938,161.16000366210938,165.10000610351562,14654800,165.10000610351562,2025-04-25 09:30:00 UTC,TSM,USD,2025-05-11 20:04:41
331,1745847000,165.0,165.32000732421875,160.5,163.39999389648438,11415600,163.39999389648438,2025-04-28 09:30:00 UTC,TSM,USD,2025-05-11 20:04:41
332,1745933400,164.3800048828125,166.0,163.5,164.47999572753906,9830100,164.47999572753906,2025-04-29 09:30:00 UTC,TSM,USD,2025-05-11 20:04:41
333,1746019800,163.5399932861328,166.9199981689453,161.75,166.69000244140625,10073000,166.69000244140625,2025-04-30 09:30:00 UTC,TSM,USD,2025-05-11 20:04:41
334,1746106200,172.8000030517578,174.77999877929688,170.9499969482422,172.72000122070312,22670600,172.72000122070312,2025-05-01 09:30:00 UTC,TSM,USD,2025-05-11 20:04:41
335,1746192600,179.8000030517578,180.64999389648438,177.13999938964844,179.27999877929688,21691200,179.27999877929688,2025-05-02 09:30:00 UTC,TSM,USD,2025-05-11 20:04:41
336,1746451800,179.0,180.0800018310547,176.25,176.39999389648438,14618900,176.39999389648438,2025-05-05 09:30:00 UTC,TSM,USD,2025-05-11 20:04:41
337,1746538200,172.60000610351562,174.74000549316406,170.58999633789062,172.27999877929688,14565600,172.27999877929688,2025-05-06 09:30:00 UTC,TSM,USD,2025-05-11 20:04:41
338,1746624600,174.10000610351562,175.97999572753906,171.3699951171875,174.5399932861328,9682500,174.5399932861328,2025-05-07 09:30:00 UTC,TSM,USD,2025-05-11 20:04:41
339,1746711000,175.33999633789062,177.4499969482422,173.66000366210938,175.22000122070312,10343000,175.22000122070312,2025-05-08 09:30:00 UTC,TSM,USD,2025-05-11 20:04:41
340,1746797400,179.8000030517578,180.4600067138672,176.47000122070312,176.52000427246094,11565600,176.52000427246094,2025-05-09 09:30:00 UTC,TSM,USD,2025-05-11 20:04:41
341,1747080002,187.27999877929688,189.16000366210938,184.61000061035156,186.97999572753906,19960110,186.97999572753906,2025-05-12 16:00:02 UTC,TSM,USD,2025-05-13 00:28:43
342,1747166402,187.72000122070312,194.27999877929688,187.75999450683594,193.99000549316406,19650060,193.99000549316406,2025-05-13 16:00:02 UTC,TSM,USD,2025-05-14 00:28:31
343,1747252802,195.27999877929688,196.2100067138672,193.25,194.75999450683594,11769258,194.75999450683594,2025-05-14 16:00:02 UTC,TSM,USD,2025-05-15 00:27:38
344,1747339202,193.10000610351562,194.49000549316406,191.6300048828125,194.22000122070312,9803912,194.22000122070312,2025-05-15 16:00:02 UTC,TSM,USD,2025-05-16 00:28:37
345,1747425602,194.52999877929688,195.0800018310547,192.57000732421875,194.22000122070312,8405432,194.22000122070312,2025-05-16 16:00:02 UTC,TSM,USD,2025-05-17 00:27:51
346,1747684801,189.0,193.5,188.81100463867188,193.5,8935823,193.5,2025-05-19 16:00:01 UTC,TSM,USD,2025-05-20 00:29:25
347,1747771202,191.8000030517578,193.72000122070312,190.80999755859375,193.4499969482422,7039161,193.4499969482422,2025-05-20 16:00:02 UTC,TSM,USD,2025-05-21 00:28:56
348,1747857602,193.10000610351562,195.25999450683594,190.52999877929688,191.75999450683594,6647988,191.75999450683594,2025-05-21 16:00:02 UTC,TSM,USD,2025-05-22 00:28:20
349,1747944002,191.33999633789062,196.8300018310547,191.36000061035156,196.19000244140625,11059927,196.19000244140625,2025-05-22 16:00:02 UTC,TSM,USD,2025-05-23 00:28:46
350,1748007000,192.02000427246094,192.8000030517578,190.02999877929688,191.97999572753906,9394700,191.97999572753906,2025-05-23 09:30:00 UTC,TSM,USD,2025-05-24 00:27:27
351,1748376002,194.09500122070312,198.30999755859375,193.6999969482422,197.67999267578125,11209968,197.67999267578125,2025-05-27 16:00:02 UTC,TSM,USD,2025-05-28 00:29:27
352,1748462402,196.08999633789062,198.06500244140625,195.47999572753906,196.13999938964844,17539765,196.13999938964844,2025-05-28 16:00:02 UTC,TSM,USD,2025-05-29 00:29:27
353,1748548802,199.4600067138672,199.8000030517578,196.0800018310547,197.14999389648438,12362127,197.14999389648438,2025-05-29 16:00:02 UTC,TSM,USD,2025-05-30 00:29:28
354,1748635202,195.77000427246094,195.91000366210938,190.5675048828125,193.32000732421875,11976504,193.32000732421875,2025-05-30 16:00:02 UTC,TSM,USD,2025-05-31 00:28:48
355,1748894402,193.03500366210938,195.16000366210938,192.19500732421875,194.83999633789062,6808687,194.83999633789062,2025-06-02 16:00:02 UTC,TSM,USD,2025-06-03 00:30:47
356,1748980802,194.34500122070312,198.1685028076172,193.64999389648438,197.61000061035156,8836190,197.61000061035156,2025-06-03 16:00:02 UTC,TSM,USD,2025-06-04 00:30:10
357,1749067202,201.3800048828125,204.02000427246094,200.3800048828125,202.39999389648438,13285930,202.39999389648438,2025-06-04 16:00:02 UTC,TSM,USD,2025-06-05 00:29:37
358,1749153601,204.8800048828125,205.75999450683594,202.27999877929688,203.33999633789062,10238769,203.33999633789062,2025-06-05 16:00:01 UTC,TSM,USD,2025-06-06 00:29:32
359,1749240002,203.5800018310547,206.289306640625,203.22999572753906,205.17999267578125,8514277,205.17999267578125,2025-06-06 16:00:02 UTC,TSM,USD,2025-06-07 00:29:56
360,1749499202,206.39999389648438,209.27000427246094,205.8800048828125,207.0,11317035,207.0,2025-06-09 16:00:02 UTC,TSM,USD,2025-06-10 00:29:56
361,1749585602,211.60499572753906,213.22999572753906,209.97000122070312,212.4600067138672,13431465,212.4600067138672,2025-06-10 16:00:02 UTC,TSM,USD,2025-06-11 00:30:11
362,1749672002,215.0,217.42999267578125,212.9499969482422,214.10000610351562,13111942,214.10000610351562,2025-06-11 16:00:02 UTC,TSM,USD,2025-06-12 00:29:32
363,1749758402,212.9199981689453,215.8800048828125,211.91000366210938,215.42999267578125,9766408,215.42999267578125,2025-06-12 16:00:02 UTC,TSM,USD,2025-06-13 00:30:04
364,1749844802,210.11000061035156,213.25999450683594,209.39999389648438,211.10000610351562,10127792,211.10000610351562,2025-06-13 16:00:02 UTC,TSM,USD,2025-06-14 00:29:09
365,1750104002,213.0,217.60000610351562,212.72999572753906,215.67999267578125,9854766,215.67999267578125,2025-06-16 16:00:02 UTC,TSM,USD,2025-06-16 20:51:10
366,1750190402,213.88999938964844,215.94000244140625,213.5,213.89999389648438,8303489,213.89999389648438,2025-06-17 16:00:02 UTC,TSM,USD,2025-06-18 00:30:03
367,1750276802,214.69500732421875,215.16510009765625,212.88999938964844,213.5,6826334,213.5,2025-06-18 16:00:02 UTC,TSM,USD,2025-06-19 00:30:28
368,1750449602,215.1999969482422,215.497802734375,208.14999389648438,209.50999450683594,13971807,209.50999450683594,2025-06-20 16:00:02 UTC,TSM,USD,2025-06-21 00:29:46
369,1750708802,206.6300048828125,210.58999633789062,206.20199584960938,210.32000732421875,7143743,210.32000732421875,2025-06-23 16:00:02 UTC,TSM,USD,2025-06-24 00:30:19
370,1750795202,214.38999938964844,220.36500549316406,213.8800048828125,220.08999633789062,13033474,220.08999633789062,2025-06-24 16:00:02 UTC,TSM,USD,2025-06-25 00:30:28
371,1750881602,220.8000030517578,223.49000549316406,221.01600646972656,222.74000549316406,9136442,222.74000549316406,2025-06-25 16:00:02 UTC,TSM,USD,2025-06-26 00:30:08
372,1750968002,224.97999572753906,225.22000122070312,222.6956024169922,224.00999450683594,7131537,224.00999450683594,2025-06-26 16:00:02 UTC,TSM,USD,2025-06-27 00:30:40
373,1751054402,224.3000030517578,228.8800048828125,224.02999877929688,228.57000732421875,12009042,228.57000732421875,2025-06-27 16:00:02 UTC,TSM,USD,2025-06-28 00:29:06
374,1751313602,227.44000244140625,228.14999389648438,224.8000030517578,226.49000549316406,9203248,226.49000549316406,2025-06-30 16:00:02 UTC,TSM,USD,2025-07-01 00:34:29
375,1751400002,227.4250030517578,228.60000610351562,221.19000244140625,224.67999267578125,9976177,224.67999267578125,2025-07-01 16:00:02 UTC,TSM,USD,2025-07-02 00:30:05
376,1751486402,224.47999572753906,233.82000732421875,224.0,233.60000610351562,10937999,233.60000610351562,2025-07-02 16:00:02 UTC,TSM,USD,2025-07-03 00:30:31
377,1751562002,233.8699951171875,237.57000732421875,233.27000427246094,234.8000030517578,7710776,234.8000030517578,2025-07-03 13:00:02 UTC,TSM,USD,2025-07-04 00:30:10
378,1751918402,231.6300048828125,232.5500030517578,227.44000244140625,229.1699981689453,13502830,229.1699981689453,2025-07-07 16:00:02 UTC,TSM,USD,2025-07-08 00:30:28
379,1752004802,229.77999877929688,230.3300018310547,227.53500366210938,227.86000061035156,8252600,227.86000061035156,2025-07-08 16:00:02 UTC,TSM,USD,2025-07-09 00:31:15
380,1752091202,230.4499969482422,233.27000427246094,230.24000549316406,231.83999633789062,8812278,231.83999633789062,2025-07-09 16:00:02 UTC,TSM,USD,2025-07-10 00:30:44
381,1752177602,232.77999877929688,233.0500030517578,227.77000427246094,229.75999450683594,11777689,229.75999450683594,2025-07-10 16:00:02 UTC,TSM,USD,2025-07-11 00:31:02
382,1752264002,231.0,232.27000427246094,229.4001007080078,230.39999389648438,8800875,230.39999389648438,2025-07-11 16:00:02 UTC,TSM,USD,2025-07-12 00:30:52
383,1752523202,229.3300018310547,229.85000610351562,226.32000732421875,228.6699981689453,9974855,228.6699981689453,2025-07-14 16:00:02 UTC,TSM,USD,2025-07-15 00:32:11
384,1752609602,234.4600067138672,237.7100067138672,233.85000610351562,236.9499969482422,14225068,236.9499969482422,2025-07-15 16:00:02 UTC,TSM,USD,2025-07-16 00:31:20
385,1752696002,236.39500427246094,238.30999755859375,234.1750030517578,237.55999755859375,14919146,237.55999755859375,2025-07-16 16:00:02 UTC,TSM,USD,2025-07-17 00:32:04
386,1752782402,245.7899932861328,248.27000427246094,241.39999389648438,245.60000610351562,25975524,245.60000610351562,2025-07-17 16:00:02 UTC,TSM,USD,2025-07-18 00:31:18
387,1752868802,245.30999755859375,245.97000122070312,238.69000244140625,240.39999389648438,14577518,240.39999389648438,2025-07-18 16:00:02 UTC,TSM,USD,2025-07-19 00:30:46
388,1753128002,240.1199951171875,242.33999633789062,238.75999450683594,238.85000610351562,11825143,238.85000610351562,2025-07-21 16:00:02 UTC,TSM,USD,2025-07-22 00:32:06
389,1753191000,237.8300018310547,238.0,231.75999450683594,234.60000610351562,11896100,234.60000610351562,2025-07-22 09:30:00 UTC,TSM,USD,2025-07-23 00:32:04
390,1753300802,238.52000427246094,240.5,236.38999938964844,240.3300018310547,8700489,240.3300018310547,2025-07-23 16:00:02 UTC,TSM,USD,2025-07-24 00:32:02
391,1753387202,240.2050018310547,241.9499969482422,238.02999877929688,241.60000610351562,8367851,241.60000610351562,2025-07-24 16:00:02 UTC,TSM,USD,2025-07-25 00:32:19
392,1753473602,241.32000732421875,246.24000549316406,240.94000244140625,245.60000610351562,11531815,245.60000610351562,2025-07-25 16:00:02 UTC,TSM,USD,2025-07-26 00:30:44
393,1753732802,243.0,243.90750122070312,241.0500030517578,242.75,11197051,242.75,2025-07-28 16:00:02 UTC,TSM,USD,2025-07-29 00:34:58
394,1753795800,241.5,243.97000122070312,239.82000732421875,241.3300018310547,9399300,241.3300018310547,2025-07-29 09:30:00 UTC,TSM,USD,2025-07-30 00:32:23
395,1753905602,242.1199951171875,244.57000732421875,241.22000122070312,242.91000366210938,6731406,242.91000366210938,2025-07-30 16:00:02 UTC,TSM,USD,2025-07-31 00:32:26
396,1753992002,245.97999572753906,247.41000366210938,239.8000030517578,241.6199951171875,12268238,241.6199951171875,2025-07-31 16:00:02 UTC,TSM,USD,2025-08-01 00:36:51
397,1754055000,235.6199951171875,237.19000244140625,231.83999633789062,235.2100067138672,13531600,235.2100067138672,2025-08-01 09:30:00 UTC,TSM,USD,2025-08-02 00:31:05
398,1754314200,237.91000366210938,239.0,236.38999938964844,239.0,6440200,239.0,2025-08-04 09:30:00 UTC,TSM,USD,2025-08-05 00:33:15
399,1754424002,238.3249969482422,238.55999755859375,230.1699981689453,232.47000122070312,11052860,232.47000122070312,2025-08-05 16:00:02 UTC,TSM,USD,2025-08-06 00:32:57
400,1754487000,231.02999877929688,232.1999969482422,228.82000732421875,231.3699951171875,9217000,231.3699951171875,2025-08-06 09:30:00 UTC,TSM,USD,2025-08-07 00:33:00
401,1754596802,244.47000122070312,247.83999633789062,240.8000030517578,242.6199951171875,17661254,242.6199951171875,2025-08-07 16:00:02 UTC,TSM,USD,2025-08-08 00:32:18
402,1754683202,243.16000366210938,243.16000366210938,238.97000122070312,241.8300018310547,10533955,241.8300018310547,2025-08-08 16:00:02 UTC,TSM,USD,2025-08-09 00:29:47
403,1754942402,242.0399932861328,245.35000610351562,241.5399932861328,242.08999633789062,8255921,242.08999633789062,2025-08-11 16:00:02 UTC,TSM,USD,2025-08-12 00:30:05
404,1755028802,243.72000122070312,244.75999450683594,241.6999969482422,244.2899932861328,6327204,244.2899932861328,2025-08-12 16:00:02 UTC,TSM,USD,2025-08-13 00:30:31
405,1755115202,246.42999267578125,246.42999267578125,239.94000244140625,241.44000244140625,7552680,241.44000244140625,2025-08-13 16:00:02 UTC,TSM,USD,2025-08-14 00:30:30
406,1755201602,237.97000122070312,241.3699951171875,236.82000732421875,241.0,10618638,241.0,2025-08-14 16:00:02 UTC,TSM,USD,2025-08-15 00:31:09
407,1755288002,240.3300018310547,240.7899932861328,237.25999450683594,238.8800048828125,7021597,238.8800048828125,2025-08-15 16:00:02 UTC,TSM,USD,2025-08-16 00:29:05
408,1755547202,239.99000549316406,242.8574981689453,240.0,241.41000366210938,6884707,241.41000366210938,2025-08-18 16:00:02 UTC,TSM,USD,2025-08-19 00:29:50
409,1755633602,240.02000427246094,240.1649932861328,232.5800018310547,232.6999969482422,14536168,232.6999969482422,2025-08-19 16:00:02 UTC,TSM,USD,2025-08-20 00:28:38
